,StaffID,Name,Date of Birth,Gender,Job Title,Employment Date
0,1,James Garcia,1960-08-26,Male,Therapist,2023-07-27
1,2,Linda Garcia,1957-10-03,Male,Therapist,2012-08-06
2,3,Jane Smith,1984-09-02,Female,Administrator,2015-05-20
3,4,William Williams,1977-01-04,Other,Therapist,2015-12-16
4,5,Jane Miller,1989-06-20,Female,Nurse,2016-01-19
5,6,Jane Rodriguez,1961-04-12,Male,Administrator,2021-06-15
6,7,Mary Rodriguez,1979-12-13,Female,Administrator,2018-01-26
7,8,James Miller,1965-11-29,Other,Administrator,2015-12-16
8,9,Patricia Jones,1988-04-28,Female,Therapist,2014-12-03
9,10,Jane Smith,1966-08-18,Other,Caregiver,2019-04-27
10,11,James Davis,1960-05-29,Female,Nurse,2010-09-06
11,12,Jane Jones,1972-03-20,Other,Administrator,2018-05-26
12,13,Robert Rodriguez,1983-05-01,Female,Caregiver,2018-03-26
13,14,Patricia Jones,1966-06-16,Other,Caregiver,2011-12-17
14,15,Sarah Brown,1957-06-21,Female,Therapist,2011-05-22
15,16,Michael Brown,1964-02-05,Other,Nurse,2014-04-03
16,17,Jane Wilson,1956-08-20,Other,Nurse,2018-01-14
17,18,Linda Smith,1961-04-02,Male,Doctor,2011-08-31
18,19,Michael Johnson,1953-03-02,Other,Doctor,2014-05-31
19,20,John Garcia,1981-12-24,Other,Caregiver,2022-05-03
20,21,Robert Miller,1989-05-02,Other,Doctor,2011-09-25
21,22,Jane Wilson,1960-11-15,Other,Doctor,2019-03-05
22,23,Patricia Brown,1952-04-08,Other,Caregiver,2018-01-02
23,24,Robert Smith,1964-07-07,Other,Caregiver,2015-10-19
24,25,John Johnson,1970-10-21,Male,Administrator,2018-07-16
25,26,William Wilson,1975-11-06,Male,Administrator,2013-07-22
26,27,Sarah Jones,1982-11-10,Female,Administrator,2017-01-23
27,28,Michael Miller,1955-04-28,Other,Therapist,2016-11-19
28,29,Mary Jones,1972-02-05,Other,Administrator,2023-04-20
29,30,Sarah Garcia,1984-01-15,Other,Caregiver,2015-04-21
30,31,Linda Davis,1971-08-07,Other,Nurse,2013-10-23
31,32,Sarah Jones,1984-10-17,Other,Caregiver,2011-03-27
32,33,Michael Williams,1982-08-15,Female,Administrator,2017-11-19
33,34,Patricia Wilson,1953-09-18,Other,Therapist,2010-07-26
34,35,Patricia Davis,1986-05-22,Male,Administrator,2020-10-22
35,36,Michael Smith,1962-09-26,Female,Therapist,2012-04-23
36,37,Robert Rodriguez,1984-11-14,Other,Caregiver,2015-03-17
37,38,Robert Smith,1968-10-16,Male,Administrator,2016-07-15
38,39,Jane Johnson,1971-02-14,Other,Caregiver,2017-08-07
39,40,Patricia Rodriguez,1959-03-09,Female,Nurse,2018-06-25
40,41,Mary Smith,1966-12-24,Male,Doctor,2020-11-09
41,42,Mary Johnson,1966-03-28,Male,Caregiver,2023-02-07
42,43,Patricia Johnson,1989-04-09,Male,Administrator,2020-04-23
43,44,Mary Brown,1984-07-24,Female,Therapist,2012-07-24
44,45,Michael Davis,1963-12-19,Other,Nurse,2013-04-07
45,46,Michael Rodriguez,1978-01-19,Other,Caregiver,2019-10-22
46,47,Patricia Brown,1983-11-03,Male,Nurse,2020-08-16
47,48,Robert Davis,1973-01-29,Other,Caregiver,2022-03-11
48,49,Linda Williams,1983-07-16,Other,Administrator,2018-11-17
49,50,Robert Wilson,1983-02-11,Female,Nurse,2021-06-17
50,51,Patricia Johnson,1955-01-14,Other,Doctor,2014-09-16
51,52,William Smith,1951-10-28,Male,Doctor,2020-09-14
52,53,Mary Johnson,1989-11-13,Male,Nurse,2016-05-13
53,54,Robert Williams,1983-09-30,Female,Administrator,2014-11-08
54,55,Linda Williams,1971-09-08,Male,Caregiver,2019-11-18
55,56,William Miller,1972-06-25,Female,Doctor,2021-03-08
56,57,John Miller,1957-02-16,Female,Nurse,2023-03-08
57,58,Linda Wilson,1964-06-26,Other,Administrator,2017-07-12
58,59,John Miller,1978-11-29,Other,Nurse,2020-03-08
59,60,Jane Jones,1957-01-22,Male,Doctor,2015-01-23
60,61,William Garcia,1957-02-09,Female,Caregiver,2023-06-25
61,62,Robert Brown,1989-10-08,Female,Therapist,2011-05-13
62,63,Michael Garcia,1970-07-28,Other,Therapist,2014-11-30
63,64,John Rodriguez,1972-07-04,Other,Nurse,2013-06-11
64,65,Patricia Jones,1972-10-16,Other,Doctor,2017-07-18
65,66,Jane Williams,1987-02-20,Other,Caregiver,2015-05-20
66,67,Michael Rodriguez,1972-09-02,Male,Doctor,2018-09-01
67,68,Sarah Garcia,1965-09-28,Female,Therapist,2019-07-27
68,69,Michael Jones,1956-04-15,Female,Therapist,2016-02-19
69,70,Sarah Rodriguez,1968-07-15,Female,Nurse,2022-02-22
70,71,Patricia Miller,1984-07-31,Female,Doctor,2014-01-10
71,72,Robert Miller,1957-03-30,Female,Doctor,2011-05-31
72,73,James Smith,1979-11-20,Male,Nurse,2011-10-09
73,74,John Williams,1972-07-15,Other,Caregiver,2021-10-09
74,75,Patricia Smith,1981-06-18,Other,Therapist,2015-05-20
75,76,Robert Brown,1962-01-15,Female,Administrator,2012-05-04
76,77,James Williams,1985-04-07,Male,Caregiver,2013-02-10
77,78,Sarah Jones,1989-08-19,Male,Doctor,2012-06-11
78,79,James Davis,1965-03-29,Male,Nurse,2013-01-23
79,80,Michael Garcia,1986-10-18,Male,Doctor,2012-05-20
80,81,Robert Williams,1955-05-17,Female,Doctor,2022-10-24
81,82,Linda Jones,1973-08-08,Female,Doctor,2022-09-06
82,83,William Miller,1979-12-02,Male,Doctor,2013-10-21
83,84,Jane Jones,1971-04-15,Other,Nurse,2021-11-13
84,85,John Williams,1955-12-01,Male,Administrator,2021-06-09
85,86,Mary Brown,1975-01-26,Male,Caregiver,2022-02-16
86,87,Michael Wilson,1967-08-15,Male,Nurse,2016-10-01
87,88,Robert Wilson,1983-06-23,Other,Caregiver,2016-11-12
88,89,Robert Johnson,1960-06-09,Male,Nurse,2011-03-12
89,90,James Smith,1985-04-08,Female,Administrator,2012-03-15
90,91,Linda Johnson,1985-04-30,Male,Administrator,2016-09-01
91,92,James Smith,1973-01-06,Other,Therapist,2011-04-30
92,93,Jane Wilson,1955-12-20,Female,Caregiver,2012-05-03
93,94,James Jones,1952-09-05,Female,Caregiver,2017-01-04
94,95,James Davis,1964-01-25,Female,Doctor,2022-11-19
95,96,Jane Garcia,1950-02-02,Female,Therapist,2011-02-09
96,97,Jane Williams,1971-12-25,Female,Therapist,2017-02-22
97,98,Mary Williams,1963-02-18,Male,Caregiver,2011-11-15
98,99,John Jones,1971-07-27,Female,Administrator,2022-10-22
99,100,John Miller,1965-04-27,Female,Doctor,2018-09-27
100,101,Robert Johnson,1953-10-02,Other,Nurse,2013-06-13
101,102,Michael Rodriguez,1959-11-19,Male,Administrator,2014-02-18
102,103,William Smith,1981-12-16,Other,Administrator,2018-07-14
103,104,Mary Johnson,1953-04-23,Male,Nurse,2023-01-10
104,105,Linda Davis,1964-09-21,Other,Caregiver,2010-12-15
105,106,James Wilson,1986-02-19,Female,Administrator,2020-06-05
106,107,John Garcia,1985-11-13,Male,Nurse,2016-03-31
107,108,William Johnson,1967-06-25,Other,Nurse,2012-08-06
108,109,John Rodriguez,1975-03-06,Other,Therapist,2010-09-28
109,110,Sarah Wilson,1961-04-12,Other,Nurse,2014-03-15
110,111,John Jones,1955-11-21,Male,Doctor,2018-01-26
111,112,Linda Brown,1963-03-29,Female,Doctor,2019-11-19
112,113,Jane Davis,1980-04-10,Other,Administrator,2019-07-01
113,114,John Jones,1953-07-30,Other,Administrator,2013-01-14
114,115,Robert Davis,1981-10-25,Female,Doctor,2017-01-28
115,116,Linda Johnson,1985-12-05,Male,Caregiver,2021-10-12
116,117,John Garcia,1975-02-09,Female,Doctor,2014-09-06
117,118,Mary Williams,1968-03-03,Male,Caregiver,2023-07-29
118,119,John Davis,1988-02-28,Male,Administrator,2012-06-17
119,120,John Miller,1974-08-23,Male,Doctor,2022-09-27
120,121,Mary Brown,1956-11-19,Male,Caregiver,2018-11-07
121,122,Sarah Johnson,1950-02-06,Male,Caregiver,2011-03-12
122,123,Sarah Miller,1970-05-08,Female,Caregiver,2011-09-03
123,124,James Smith,1952-08-29,Other,Doctor,2014-10-25
124,125,Jane Brown,1962-05-25,Male,Caregiver,2014-03-07
125,126,Robert Johnson,1967-07-14,Female,Caregiver,2017-01-10
126,127,Linda Wilson,1984-09-24,Female,Doctor,2012-12-13
127,128,Mary Jones,1971-09-25,Male,Nurse,2012-06-09
128,129,Patricia Davis,1962-12-07,Other,Doctor,2014-11-09
129,130,James Garcia,1950-10-06,Female,Nurse,2017-04-25
130,131,William Rodriguez,1950-08-09,Male,Nurse,2016-02-06
131,132,Linda Jones,1955-03-26,Other,Therapist,2010-01-14
132,133,Mary Smith,1976-05-06,Female,Nurse,2010-10-22
133,134,Linda Smith,1978-09-24,Female,Nurse,2019-12-02
134,135,James Smith,1961-01-14,Other,Nurse,2012-06-10
135,136,James Smith,1974-06-03,Male,Doctor,2020-07-07
136,137,Robert Smith,1976-08-29,Other,Doctor,2019-10-20
137,138,Sarah Davis,1970-04-24,Female,Doctor,2020-09-25
138,139,Robert Wilson,1983-08-10,Female,Doctor,2016-01-14
139,140,Jane Rodriguez,1956-09-01,Other,Nurse,2020-01-13
140,141,Robert Williams,1950-09-05,Female,Doctor,2011-08-30
141,142,James Jones,1954-07-12,Female,Doctor,2018-06-12
142,143,Robert Jones,1980-05-02,Male,Caregiver,2016-10-05
143,144,Linda Garcia,1971-10-23,Male,Caregiver,2021-02-25
144,145,Jane Williams,1982-06-22,Other,Nurse,2019-01-31
145,146,Patricia Smith,1963-06-17,Other,Caregiver,2021-08-30
146,147,James Smith,1989-11-02,Female,Administrator,2020-09-22
147,148,James Smith,1973-11-07,Male,Administrator,2011-08-31
148,149,Robert Brown,1962-08-01,Other,Therapist,2012-12-21
149,150,James Garcia,1964-04-13,Other,Nurse,2012-01-01
150,151,Michael Brown,1980-03-07,Female,Doctor,2019-06-19
151,152,Linda Davis,1958-07-22,Other,Therapist,2015-09-15
152,153,Michael Williams,1954-11-06,Other,Administrator,2022-03-13
153,154,Michael Miller,1966-03-25,Male,Nurse,2019-08-16
154,155,Linda Jones,1982-07-17,Other,Doctor,2015-10-19
155,156,Sarah Wilson,1957-02-22,Male,Administrator,2016-09-07
156,157,Michael Miller,1974-12-09,Male,Therapist,2020-11-21
157,158,John Miller,1977-05-13,Other,Caregiver,2010-11-26
158,159,Robert Rodriguez,1953-10-10,Other,Doctor,2022-05-16
159,160,Jane Wilson,1964-05-02,Other,Doctor,2017-06-12
160,161,Mary Davis,1980-04-03,Female,Doctor,2019-08-09
161,162,Jane Johnson,1981-07-01,Female,Therapist,2023-07-02
162,163,Linda Smith,1961-03-04,Male,Caregiver,2014-04-26
163,164,Mary Miller,1973-09-08,Male,Administrator,2014-09-06
164,165,Jane Davis,1954-09-24,Female,Doctor,2014-10-15
165,166,William Rodriguez,1972-12-20,Male,Therapist,2011-02-27
166,167,Linda Jones,1955-02-16,Female,Caregiver,2017-06-03
167,168,Linda Johnson,1986-12-28,Female,Administrator,2019-06-12
168,169,Robert Jones,1977-09-02,Male,Caregiver,2016-02-28
169,170,Jane Jones,1962-12-17,Female,Nurse,2016-09-22
170,171,Jane Miller,1975-07-16,Female,Nurse,2023-04-23
171,172,William Williams,1979-07-12,Other,Administrator,2021-11-28
172,173,Sarah Brown,1979-01-06,Female,Nurse,2012-01-25
173,174,Patricia Smith,1951-02-18,Female,Therapist,2023-09-27
174,175,Patricia Wilson,1959-04-15,Other,Nurse,2020-02-04
175,176,William Miller,1961-09-19,Other,Administrator,2013-01-15
176,177,Robert Williams,1953-03-23,Male,Caregiver,2016-04-29
177,178,Michael Johnson,1964-09-30,Female,Nurse,2016-03-01
178,179,Sarah Williams,1978-03-13,Female,Therapist,2020-05-01
179,180,Jane Wilson,1952-10-18,Other,Doctor,2022-06-21
180,181,Michael Johnson,1969-02-06,Male,Therapist,2018-04-02
181,182,Linda Johnson,1964-12-26,Female,Therapist,2013-04-08
182,183,Sarah Jones,1970-06-13,Female,Therapist,2021-09-09
183,184,Patricia Miller,1950-11-20,Male,Caregiver,2010-10-09
184,185,William Miller,1958-05-15,Female,Administrator,2010-07-06
185,186,Linda Davis,1976-01-20,Male,Nurse,2017-06-29
186,187,Michael Williams,1958-08-30,Male,Administrator,2014-04-17
187,188,Sarah Davis,1978-10-13,Other,Administrator,2019-05-04
188,189,Robert Jones,1959-04-12,Female,Doctor,2016-04-29
189,190,William Wilson,1987-07-30,Male,Administrator,2016-04-28
190,191,Michael Wilson,1964-03-11,Other,Caregiver,2013-04-11
191,192,Mary Johnson,1950-02-26,Male,Caregiver,2012-12-18
192,193,Michael Garcia,1963-07-08,Female,Therapist,2011-01-31
193,194,John Garcia,1973-04-12,Male,Nurse,2023-04-08
194,195,Linda Garcia,1966-12-14,Male,Therapist,2020-01-10
195,196,Patricia Miller,1978-06-30,Female,Doctor,2014-03-09
196,197,Patricia Garcia,1986-11-19,Male,Nurse,2018-06-17
197,198,Sarah Miller,1970-10-12,Female,Administrator,2020-10-25
198,199,Michael Davis,1970-10-22,Other,Administrator,2020-10-07
199,200,Linda Smith,1975-09-05,Male,Administrator,2015-11-22
200,201,Patricia Smith,1970-08-28,Male,Doctor,2019-04-12
201,202,Michael Johnson,1965-04-19,Female,Therapist,2018-04-12
202,203,John Brown,1969-06-09,Male,Nurse,2015-08-31
203,204,John Brown,1953-06-18,Male,Therapist,2017-07-05
204,205,John Brown,1980-10-21,Male,Administrator,2015-01-03
205,206,William Jones,1979-08-25,Female,Caregiver,2020-07-02
206,207,William Garcia,1972-05-28,Female,Nurse,2014-08-16
207,208,Michael Wilson,1972-07-09,Other,Doctor,2011-06-05
208,209,James Smith,1950-07-15,Male,Doctor,2019-10-02
209,210,William Jones,1977-06-22,Other,Administrator,2019-11-08
210,211,Jane Wilson,1972-06-08,Male,Therapist,2011-09-05
211,212,Jane Brown,1962-04-05,Female,Caregiver,2015-03-06
212,213,John Smith,1959-05-05,Male,Therapist,2016-08-29
213,214,John Williams,1953-07-18,Male,Caregiver,2016-03-11
214,215,Sarah Rodriguez,1969-04-06,Female,Therapist,2015-02-06
215,216,Mary Rodriguez,1988-05-13,Male,Caregiver,2018-08-10
216,217,James Smith,1978-10-04,Other,Administrator,2018-05-16
217,218,John Wilson,1979-07-18,Male,Doctor,2021-04-04
218,219,Robert Johnson,1957-05-08,Female,Administrator,2021-05-28
219,220,William Jones,1953-09-23,Other,Caregiver,2017-09-21
220,221,Michael Brown,1973-04-16,Other,Caregiver,2017-08-14
221,222,Michael Brown,1975-05-12,Male,Caregiver,2017-09-24
222,223,Michael Johnson,1976-07-01,Other,Administrator,2012-06-24
223,224,Mary Miller,1985-06-23,Male,Administrator,2015-04-27
224,225,Mary Jones,1973-05-09,Other,Caregiver,2014-10-21
225,226,Robert Williams,1975-09-01,Other,Caregiver,2019-12-31
226,227,Michael Brown,1959-02-28,Female,Therapist,2021-03-27
227,228,Mary Brown,1950-04-08,Female,Caregiver,2019-04-07
228,229,Jane Garcia,1953-10-01,Male,Nurse,2018-11-15
229,230,William Miller,1957-03-10,Other,Nurse,2020-11-26
230,231,Sarah Williams,1986-09-30,Other,Caregiver,2013-01-06
231,232,James Smith,1967-09-10,Male,Nurse,2018-12-16
232,233,William Wilson,1971-02-05,Male,Administrator,2021-07-12
233,234,Michael Garcia,1981-11-15,Male,Administrator,2010-12-16
234,235,Mary Garcia,1987-09-21,Male,Doctor,2010-04-04
235,236,John Rodriguez,1976-05-02,Other,Administrator,2022-02-09
236,237,Michael Rodriguez,1966-03-17,Male,Therapist,2013-04-02
237,238,Sarah Davis,1976-12-03,Male,Therapist,2010-08-11
238,239,Patricia Davis,1989-11-07,Female,Nurse,2017-01-27
239,240,John Johnson,1953-07-13,Female,Therapist,2017-04-20
240,241,John Jones,1970-07-14,Other,Caregiver,2021-07-14
241,242,Jane Smith,1951-10-29,Male,Nurse,2012-04-01
242,243,Patricia Johnson,1980-07-14,Male,Administrator,2015-11-19
243,244,James Williams,1964-12-13,Male,Administrator,2021-07-30
244,245,Linda Jones,1954-11-26,Male,Doctor,2016-02-18
245,246,Patricia Jones,1983-06-09,Female,Caregiver,2014-07-29
246,247,Patricia Wilson,1957-10-07,Other,Therapist,2012-05-15
247,248,James Miller,1976-02-22,Other,Caregiver,2016-01-13
248,249,James Johnson,1957-01-22,Female,Caregiver,2015-03-20
249,250,Linda Wilson,1952-09-19,Female,Administrator,2022-04-15
250,251,Patricia Williams,1970-07-08,Female,Nurse,2022-01-28
251,252,John Jones,1964-09-16,Female,Doctor,2022-09-13
252,253,Jane Miller,1960-09-28,Male,Caregiver,2011-01-09
253,254,Robert Miller,1950-01-17,Female,Nurse,2016-02-22
254,255,James Brown,1973-08-22,Other,Caregiver,2016-08-04
255,256,Robert Jones,1983-06-27,Other,Caregiver,2012-07-01
256,257,Linda Jones,1973-07-17,Male,Nurse,2015-09-13
257,258,James Wilson,1956-05-17,Female,Administrator,2015-12-22
258,259,Robert Miller,1976-06-03,Female,Caregiver,2019-02-16
259,260,Linda Smith,1952-01-02,Female,Doctor,2015-12-28
260,261,John Davis,1971-03-18,Other,Administrator,2014-12-07
261,262,Mary Davis,1972-02-26,Female,Caregiver,2011-03-28
262,263,John Brown,1979-05-15,Female,Doctor,2021-04-22
263,264,Michael Wilson,1965-05-31,Female,Nurse,2018-12-03
264,265,Mary Smith,1953-02-04,Male,Therapist,2012-09-13
265,266,William Johnson,1985-07-08,Female,Doctor,2015-10-04
266,267,William Williams,1952-10-07,Other,Administrator,2014-11-29
267,268,Robert Smith,1987-01-29,Female,Caregiver,2014-12-23
268,269,Jane Johnson,1964-10-09,Male,Caregiver,2013-04-20
269,270,James Wilson,1966-06-05,Female,Therapist,2016-05-18
270,271,Linda Brown,1970-06-01,Male,Doctor,2013-10-31
271,272,Mary Miller,1984-10-03,Other,Therapist,2010-01-26
272,273,Michael Rodriguez,1975-07-05,Other,Doctor,2021-10-24
273,274,James Williams,1977-04-18,Other,Administrator,2017-12-13
274,275,Patricia Smith,1977-02-24,Male,Caregiver,2010-10-20
275,276,Michael Jones,1986-07-23,Other,Therapist,2010-12-25
276,277,Linda Davis,1963-03-22,Female,Nurse,2016-11-10
277,278,James Smith,1955-03-12,Other,Administrator,2016-12-16
278,279,Sarah Davis,1973-10-12,Female,Therapist,2019-08-25
279,280,James Rodriguez,1984-09-02,Male,Administrator,2020-02-05
280,281,Sarah Garcia,1958-06-15,Male,Administrator,2013-06-25
281,282,Robert Wilson,1961-04-04,Male,Administrator,2016-06-11
282,283,John Williams,1985-06-19,Female,Therapist,2017-11-28
283,284,Linda Smith,1959-04-12,Other,Doctor,2014-12-04
284,285,Linda Johnson,1952-02-18,Other,Caregiver,2010-09-10
285,286,Linda Williams,1982-03-21,Other,Therapist,2012-05-25
286,287,Jane Wilson,1959-04-30,Other,Administrator,2012-06-29
287,288,James Rodriguez,1982-11-04,Male,Therapist,2022-04-27
288,289,Linda Brown,1955-01-30,Other,Caregiver,2018-12-03
289,290,Sarah Wilson,1983-03-10,Female,Doctor,2023-10-06
290,291,Sarah Johnson,1951-02-27,Male,Administrator,2022-09-15
291,292,Sarah Wilson,1980-06-20,Male,Nurse,2019-08-14
292,293,Linda Davis,1982-02-13,Female,Administrator,2015-11-24
293,294,Mary Williams,1953-10-05,Female,Therapist,2022-12-21
294,295,Patricia Davis,1969-12-03,Female,Administrator,2013-03-21
295,296,Jane Davis,1964-10-01,Female,Caregiver,2021-01-04
296,297,Linda Smith,1977-01-26,Female,Doctor,2010-05-22
297,298,Robert Garcia,1972-03-15,Male,Nurse,2016-07-20
298,299,William Johnson,1965-08-01,Other,Doctor,2010-02-01
299,300,Robert Smith,1956-08-13,Male,Nurse,2018-10-20
300,301,John Johnson,1968-11-03,Female,Caregiver,2010-09-18
301,302,Jane Johnson,1973-08-31,Other,Doctor,2021-12-28
302,303,Jane Rodriguez,1950-12-10,Male,Nurse,2016-09-26
303,304,James Rodriguez,1976-01-16,Other,Nurse,2022-07-21
304,305,John Davis,1952-06-28,Male,Caregiver,2021-03-05
305,306,William Garcia,1975-04-13,Male,Caregiver,2019-12-21
306,307,Sarah Brown,1966-08-11,Other,Doctor,2014-04-03
307,308,Patricia Miller,1960-06-24,Female,Therapist,2015-07-22
308,309,Mary Smith,1973-12-26,Male,Administrator,2016-01-10
309,310,Linda Miller,1973-06-09,Male,Administrator,2022-06-29
310,311,Robert Brown,1983-08-22,Male,Caregiver,2021-10-29
311,312,William Garcia,1984-10-01,Other,Doctor,2015-11-21
312,313,Robert Smith,1959-11-27,Male,Doctor,2017-06-21
313,314,William Davis,1989-08-04,Other,Nurse,2010-07-19
314,315,Robert Wilson,1959-03-26,Male,Therapist,2018-04-29
315,316,Robert Johnson,1955-04-10,Female,Doctor,2019-03-12
316,317,John Johnson,1954-10-28,Other,Therapist,2013-08-15
317,318,James Jones,1960-12-23,Male,Therapist,2014-05-31
318,319,Linda Rodriguez,1986-05-08,Male,Caregiver,2018-03-23
319,320,Mary Williams,1987-11-25,Female,Administrator,2023-02-02
320,321,James Smith,1954-06-23,Female,Administrator,2014-11-24
321,322,Robert Rodriguez,1979-03-04,Other,Doctor,2012-06-22
322,323,Michael Brown,1973-06-18,Other,Therapist,2011-10-04
323,324,Linda Davis,1976-04-30,Female,Therapist,2013-10-04
324,325,John Brown,1973-01-07,Other,Administrator,2017-05-07
325,326,William Miller,1979-10-03,Male,Nurse,2013-05-28
326,327,Jane Smith,1971-07-01,Male,Therapist,2023-06-21
327,328,Sarah Davis,1985-08-29,Other,Doctor,2021-08-28
328,329,Sarah Garcia,1965-04-18,Female,Caregiver,2014-06-12
329,330,John Smith,1984-05-25,Male,Administrator,2014-10-31
330,331,Michael Williams,1973-07-15,Female,Administrator,2020-11-06
331,332,Mary Brown,1969-05-11,Male,Therapist,2013-12-10
332,333,William Davis,1950-04-14,Female,Nurse,2014-01-04
333,334,Michael Smith,1964-12-28,Female,Therapist,2014-04-09
334,335,Mary Brown,1988-07-07,Other,Caregiver,2019-12-08
335,336,Robert Jones,1975-09-18,Other,Caregiver,2017-07-09
336,337,Robert Smith,1972-02-07,Other,Caregiver,2016-02-09
337,338,Jane Garcia,1966-08-15,Other,Doctor,2021-05-22
338,339,Jane Davis,1953-11-08,Male,Doctor,2020-07-01
339,340,Jane Brown,1963-10-22,Other,Nurse,2018-12-13
340,341,William Brown,1959-04-10,Other,Therapist,2010-03-23
341,342,John Williams,1951-12-14,Male,Administrator,2021-03-18
342,343,James Davis,1955-10-27,Other,Administrator,2018-06-18
343,344,Sarah Garcia,1953-01-13,Female,Therapist,2010-02-11
344,345,William Jones,1958-12-17,Other,Therapist,2022-08-14
345,346,Michael Johnson,1969-03-19,Other,Doctor,2012-11-10
346,347,Jane Garcia,1986-02-28,Female,Doctor,2021-11-06
347,348,Linda Jones,1961-01-27,Male,Doctor,2016-05-11
348,349,Michael Brown,1971-05-13,Other,Doctor,2017-08-24
349,350,Michael Miller,1971-11-05,Female,Caregiver,2011-02-02
350,351,James Smith,1960-05-21,Male,Doctor,2012-05-12
351,352,John Miller,1955-08-12,Male,Nurse,2012-06-29
352,353,James Smith,1966-10-28,Male,Doctor,2010-12-14
353,354,John Rodriguez,1968-04-02,Female,Nurse,2015-10-03
354,355,Michael Johnson,1978-01-15,Male,Caregiver,2010-07-12
355,356,Linda Garcia,1971-08-04,Male,Doctor,2011-08-25
356,357,Jane Wilson,1988-08-09,Other,Administrator,2012-06-25
357,358,Patricia Davis,1978-09-30,Male,Caregiver,2012-06-17
358,359,Mary Williams,1953-01-25,Other,Caregiver,2015-10-04
359,360,Jane Garcia,1957-06-16,Female,Therapist,2011-09-14
360,361,Linda Miller,1986-06-04,Male,Administrator,2015-06-12
361,362,James Smith,1966-10-01,Male,Therapist,2022-07-30
362,363,Linda Rodriguez,1950-05-21,Male,Nurse,2013-06-22
363,364,William Wilson,1953-08-20,Male,Administrator,2013-03-20
364,365,Robert Wilson,1966-04-12,Other,Caregiver,2015-01-11
365,366,Mary Johnson,1950-11-24,Female,Doctor,2015-08-11
366,367,William Davis,1951-06-24,Female,Administrator,2011-04-10
367,368,Patricia Jones,1984-07-22,Female,Nurse,2021-10-11
368,369,Patricia Johnson,1964-06-01,Other,Nurse,2017-08-18
369,370,Robert Smith,1971-12-17,Other,Doctor,2022-12-28
370,371,Linda Wilson,1985-09-18,Female,Therapist,2017-04-21
371,372,Mary Smith,1987-12-10,Other,Doctor,2012-07-28
372,373,Michael Rodriguez,1977-05-19,Female,Doctor,2023-05-12
373,374,Mary Williams,1983-03-06,Other,Nurse,2013-05-04
374,375,Robert Smith,1976-07-16,Other,Nurse,2013-01-28
375,376,Robert Rodriguez,1955-02-27,Male,Caregiver,2019-04-21
376,377,Linda Davis,1954-12-21,Female,Nurse,2017-03-06
377,378,James Williams,1986-01-06,Other,Administrator,2018-08-19
378,379,Sarah Davis,1954-06-01,Male,Caregiver,2015-09-19
379,380,Jane Jones,1987-02-06,Other,Therapist,2018-11-05
380,381,John Jones,1956-03-20,Male,Doctor,2022-08-21
381,382,Linda Davis,1977-11-10,Female,Caregiver,2012-11-25
382,383,Patricia Jones,1987-05-03,Female,Nurse,2011-10-24
383,384,William Johnson,1952-02-10,Other,Doctor,2013-06-28
384,385,Sarah Williams,1956-05-17,Other,Therapist,2021-10-04
385,386,William Brown,1979-03-19,Female,Administrator,2018-12-05
386,387,John Johnson,1971-04-10,Female,Therapist,2011-06-20
387,388,John Jones,1966-09-01,Other,Nurse,2010-06-09
388,389,Jane Davis,1950-04-13,Female,Therapist,2011-01-11
389,390,Linda Wilson,1973-02-06,Other,Nurse,2011-10-08
390,391,Robert Davis,1954-04-23,Other,Administrator,2020-10-09
391,392,Robert Williams,1979-08-06,Other,Caregiver,2021-02-11
392,393,Patricia Jones,1975-06-29,Female,Nurse,2017-08-16
393,394,James Johnson,1953-12-23,Female,Doctor,2021-04-21
394,395,Sarah Jones,1984-03-01,Other,Therapist,2023-03-02
395,396,William Williams,1960-10-16,Female,Doctor,2023-06-15
396,397,William Smith,1951-04-24,Female,Doctor,2021-07-08
397,398,Linda Davis,1968-08-06,Female,Doctor,2013-06-14
398,399,Michael Wilson,1984-11-22,Female,Caregiver,2014-11-06
399,400,Linda Jones,1959-07-20,Female,Caregiver,2018-02-07
400,401,Sarah Brown,1987-04-06,Other,Administrator,2012-03-24
401,402,Patricia Smith,1968-06-12,Other,Administrator,2016-08-20
402,403,Michael Johnson,1976-01-20,Female,Caregiver,2016-09-07
403,404,Linda Wilson,1954-04-04,Other,Nurse,2022-02-08
404,405,Michael Jones,1952-09-20,Male,Doctor,2012-02-17
405,406,Jane Rodriguez,1958-11-25,Other,Administrator,2020-04-02
406,407,Linda Jones,1988-12-24,Female,Therapist,2017-04-19
407,408,Linda Rodriguez,1987-12-23,Male,Administrator,2014-04-03
408,409,Robert Brown,1979-06-19,Male,Nurse,2014-02-23
409,410,Patricia Davis,1967-10-04,Female,Doctor,2016-04-01
410,411,John Smith,1956-12-11,Female,Therapist,2020-07-01
411,412,Mary Brown,1985-04-04,Female,Therapist,2017-01-27
412,413,John Johnson,1980-08-01,Male,Nurse,2015-08-13
413,414,Sarah Miller,1951-09-15,Other,Therapist,2016-05-06
414,415,William Johnson,1974-06-21,Female,Administrator,2023-02-23
415,416,Sarah Davis,1971-04-29,Male,Therapist,2014-04-22
416,417,Michael Brown,1976-09-16,Other,Doctor,2014-12-06
417,418,Michael Johnson,1970-03-01,Other,Administrator,2023-05-24
418,419,Michael Miller,1951-12-12,Other,Nurse,2019-12-02
419,420,Patricia Rodriguez,1957-03-11,Female,Doctor,2020-11-12
420,421,John Rodriguez,1971-06-16,Other,Nurse,2015-02-21
421,422,Mary Smith,1964-06-11,Female,Therapist,2010-10-03
422,423,Mary Rodriguez,1962-03-06,Other,Doctor,2023-09-08
423,424,John Brown,1965-07-06,Male,Therapist,2012-06-27
424,425,James Garcia,1966-04-23,Male,Nurse,2013-04-02
425,426,Michael Williams,1974-11-29,Male,Caregiver,2016-10-20
426,427,Patricia Wilson,1982-03-25,Male,Nurse,2011-10-05
427,428,James Williams,1956-08-05,Male,Nurse,2013-04-30
428,429,Robert Williams,1961-03-25,Female,Nurse,2010-09-07
429,430,James Garcia,1972-10-12,Other,Therapist,2010-02-21
430,431,John Johnson,1953-04-19,Female,Administrator,2023-04-30
431,432,John Johnson,1959-04-12,Male,Administrator,2012-01-17
432,433,William Jones,1955-06-07,Male,Doctor,2013-12-28
433,434,Jane Jones,1984-09-22,Other,Nurse,2023-08-02
434,435,William Williams,1984-09-22,Other,Caregiver,2014-06-26
435,436,Jane Johnson,1975-03-31,Male,Caregiver,2021-05-01
436,437,James Miller,1988-08-18,Female,Doctor,2021-06-09
437,438,Jane Garcia,1951-05-04,Female,Nurse,2020-08-01
438,439,Michael Brown,1984-07-13,Other,Nurse,2021-02-09
439,440,Sarah Smith,1984-01-02,Female,Doctor,2023-03-06
440,441,James Davis,1972-08-13,Male,Administrator,2015-08-11
441,442,John Garcia,1978-02-11,Male,Therapist,2019-08-13
442,443,William Johnson,1986-09-29,Other,Caregiver,2016-02-10
443,444,John Garcia,1956-12-07,Male,Therapist,2011-05-14
444,445,Linda Wilson,1965-02-22,Other,Therapist,2011-09-11
445,446,John Miller,1967-09-03,Female,Therapist,2020-07-08
446,447,Robert Smith,1989-12-18,Female,Nurse,2021-02-16
447,448,Michael Johnson,1978-11-19,Other,Nurse,2015-02-21
448,449,Robert Miller,1956-08-24,Other,Nurse,2017-06-06
449,450,Sarah Smith,1956-07-08,Male,Nurse,2010-08-16
450,451,John Smith,1951-07-21,Male,Administrator,2013-06-01
451,452,Robert Rodriguez,1980-10-03,Male,Caregiver,2020-01-01
452,453,Michael Jones,1984-06-27,Other,Caregiver,2023-01-30
453,454,William Wilson,1962-06-09,Male,Caregiver,2016-07-19
454,455,Linda Rodriguez,1973-05-12,Male,Therapist,2012-04-08
455,456,Robert Davis,1964-02-29,Female,Doctor,2013-06-29
456,457,Linda Garcia,1960-06-25,Male,Nurse,2018-04-07
457,458,Jane Miller,1970-12-19,Male,Nurse,2010-08-05
458,459,Robert Rodriguez,1974-05-30,Female,Doctor,2022-06-03
459,460,James Brown,1982-01-15,Male,Doctor,2010-09-03
460,461,James Jones,1967-02-13,Male,Administrator,2014-12-23
461,462,Sarah Miller,1986-01-25,Female,Administrator,2013-04-25
462,463,Mary Jones,1974-05-16,Female,Caregiver,2010-04-05
463,464,Michael Wilson,1953-07-09,Female,Therapist,2011-07-16
464,465,Sarah Wilson,1956-08-03,Male,Administrator,2019-02-18
465,466,John Williams,1977-10-02,Other,Therapist,2023-11-04
466,467,Sarah Garcia,1977-10-03,Other,Therapist,2023-03-19
467,468,Patricia Garcia,1972-07-28,Female,Nurse,2015-11-23
468,469,Michael Davis,1980-11-09,Male,Administrator,2014-07-20
469,470,William Williams,1964-09-10,Female,Therapist,2021-02-06
470,471,Robert Rodriguez,1985-06-02,Female,Doctor,2019-08-12
471,472,Linda Smith,1955-04-28,Other,Administrator,2013-05-27
472,473,Michael Garcia,1989-04-14,Other,Therapist,2016-03-25
473,474,Michael Wilson,1989-04-04,Female,Nurse,2016-01-14
474,475,Jane Garcia,1984-09-06,Female,Nurse,2017-02-25
475,476,Mary Brown,1976-05-24,Male,Doctor,2015-10-22
476,477,Robert Johnson,1979-09-03,Female,Caregiver,2023-02-10
477,478,Linda Wilson,1952-05-12,Other,Doctor,2010-11-29
478,479,William Garcia,1981-02-14,Male,Nurse,2014-03-21
479,480,Robert Jones,1953-07-17,Other,Therapist,2010-05-28
480,481,John Davis,1962-11-16,Other,Caregiver,2020-04-15
481,482,Michael Brown,1985-08-21,Other,Therapist,2015-05-20
482,483,James Brown,1957-05-29,Other,Nurse,2022-10-19
483,484,John Jones,1975-10-12,Female,Caregiver,2017-09-08
484,485,John Miller,1979-11-26,Other,Nurse,2020-01-10
485,486,Patricia Wilson,1959-03-04,Male,Doctor,2016-05-07
486,487,Linda Davis,1953-01-19,Other,Caregiver,2022-12-14
487,488,Robert Smith,1966-02-08,Male,Caregiver,2014-12-21
488,489,John Smith,1983-06-23,Other,Therapist,2017-04-22
489,490,Sarah Johnson,1988-09-02,Male,Administrator,2010-08-08
490,491,Mary Brown,1975-08-05,Female,Therapist,2022-01-19
491,492,John Johnson,1958-12-15,Male,Nurse,2014-06-08
492,493,John Rodriguez,1973-05-20,Male,Nurse,2019-03-07
493,494,Linda Davis,1980-01-11,Male,Caregiver,2014-07-18
494,495,Patricia Jones,1958-11-03,Female,Therapist,2016-09-08
495,496,Robert Miller,1968-07-23,Other,Therapist,2018-11-06
496,497,Sarah Smith,1965-09-20,Male,Nurse,2015-07-02
497,498,Patricia Jones,1956-05-11,Female,Nurse,2022-08-05
498,499,John Miller,1981-06-23,Male,Nurse,2021-11-07
499,500,James Johnson,1966-11-27,Male,Nurse,2012-01-23
500,501,Patricia Smith,1952-04-21,Male,Therapist,2018-02-08
501,502,Mary Davis,1975-09-17,Other,Caregiver,2011-08-12
502,503,Sarah Garcia,1974-07-25,Other,Caregiver,2021-07-07
503,504,Sarah Jones,1986-11-04,Female,Administrator,2013-10-25
504,505,James Johnson,1987-06-22,Male,Caregiver,2018-11-17
505,506,Michael Rodriguez,1952-03-26,Female,Caregiver,2010-08-20
506,507,Michael Brown,1951-06-26,Male,Doctor,2018-10-05
507,508,Robert Smith,1951-08-07,Male,Caregiver,2014-10-12
508,509,Sarah Johnson,1985-03-07,Other,Doctor,2022-03-07
509,510,John Rodriguez,1980-12-15,Female,Administrator,2015-04-20
510,511,Linda Smith,1970-03-25,Male,Doctor,2011-05-20
511,512,William Johnson,1954-12-07,Male,Doctor,2021-10-13
512,513,Patricia Davis,1988-10-11,Male,Caregiver,2023-01-05
513,514,Jane Brown,1961-09-22,Other,Therapist,2021-08-20
514,515,William Johnson,1979-11-25,Female,Caregiver,2018-04-17
515,516,John Davis,1976-05-23,Female,Nurse,2015-04-09
516,517,James Brown,1987-10-03,Other,Therapist,2010-08-26
517,518,James Williams,1989-03-24,Male,Doctor,2014-09-30
518,519,Jane Davis,1979-03-02,Male,Caregiver,2014-01-24
519,520,Patricia Smith,1959-05-21,Other,Nurse,2014-04-05
520,521,James Johnson,1967-05-18,Male,Administrator,2018-08-20
521,522,Patricia Wilson,1954-09-13,Other,Nurse,2011-05-03
522,523,James Williams,1955-11-22,Female,Administrator,2022-08-08
523,524,John Rodriguez,1988-04-24,Other,Doctor,2017-01-20
524,525,Jane Jones,1988-08-04,Other,Caregiver,2016-04-05
525,526,Linda Johnson,1972-01-21,Other,Nurse,2010-11-29
526,527,Michael Williams,1951-11-22,Other,Caregiver,2016-07-18
527,528,Mary Rodriguez,1981-05-12,Male,Administrator,2013-02-11
528,529,Michael Jones,1970-01-05,Other,Nurse,2023-02-07
529,530,Mary Rodriguez,1968-09-23,Other,Administrator,2010-01-08
530,531,Linda Smith,1973-04-20,Male,Doctor,2015-09-01
531,532,James Miller,1974-03-10,Other,Nurse,2017-06-28
532,533,Michael Garcia,1966-02-23,Other,Caregiver,2015-02-02
533,534,Michael Miller,1961-04-18,Other,Doctor,2015-12-22
534,535,William Johnson,1952-06-12,Male,Doctor,2018-07-21
535,536,Robert Jones,1971-09-02,Female,Therapist,2019-12-21
536,537,Jane Miller,1952-11-06,Male,Therapist,2010-04-25
537,538,Mary Brown,1985-11-04,Male,Nurse,2017-09-03
538,539,Patricia Brown,1982-06-05,Female,Nurse,2019-03-17
539,540,James Williams,1962-04-03,Male,Doctor,2017-06-27
540,541,Linda Wilson,1958-02-26,Male,Therapist,2015-04-01
541,542,Mary Williams,1966-07-31,Female,Administrator,2015-10-27
542,543,Mary Johnson,1967-06-28,Other,Nurse,2013-06-11
543,544,Patricia Johnson,1974-04-02,Female,Therapist,2021-04-02
544,545,Jane Johnson,1985-08-02,Male,Nurse,2019-06-27
545,546,Mary Miller,1972-09-06,Other,Caregiver,2014-04-06
546,547,Robert Smith,1950-07-05,Female,Nurse,2016-09-11
547,548,Jane Garcia,1967-08-11,Other,Caregiver,2015-10-20
548,549,James Smith,1955-12-22,Other,Administrator,2012-08-21
549,550,Sarah Jones,1956-11-07,Other,Therapist,2015-11-29
550,551,Michael Wilson,1976-12-28,Male,Therapist,2020-04-23
551,552,John Brown,1975-05-18,Other,Doctor,2015-03-06
552,553,Jane Brown,1969-08-09,Other,Caregiver,2019-12-28
553,554,Mary Rodriguez,1964-10-23,Female,Nurse,2018-12-21
554,555,Jane Jones,1978-09-08,Other,Administrator,2015-12-17
555,556,Sarah Wilson,1973-06-03,Female,Caregiver,2022-09-29
556,557,Mary Johnson,1957-03-11,Other,Administrator,2022-01-13
557,558,Mary Wilson,1961-12-23,Other,Therapist,2018-05-31
558,559,James Smith,1989-05-02,Other,Therapist,2016-07-15
559,560,Michael Rodriguez,1950-10-19,Male,Caregiver,2021-10-14
560,561,Mary Johnson,1970-02-09,Other,Caregiver,2016-06-25
561,562,William Garcia,1960-02-17,Other,Nurse,2022-06-11
562,563,John Wilson,1960-02-11,Other,Caregiver,2020-11-19
563,564,William Brown,1965-08-31,Male,Doctor,2015-06-07
564,565,James Garcia,1984-03-19,Other,Administrator,2019-04-05
565,566,Patricia Johnson,1975-07-06,Other,Administrator,2013-08-29
566,567,James Miller,1958-06-14,Female,Nurse,2014-01-16
567,568,Sarah Brown,1983-11-17,Male,Therapist,2015-11-10
568,569,Robert Johnson,1971-05-04,Female,Therapist,2023-02-05
569,570,Michael Williams,1974-07-31,Other,Nurse,2017-01-02
570,571,John Wilson,1988-12-01,Other,Therapist,2021-08-26
571,572,Jane Williams,1972-10-13,Male,Nurse,2015-10-07
572,573,Sarah Johnson,1985-05-11,Other,Caregiver,2020-06-13
573,574,Jane Smith,1955-02-14,Male,Doctor,2022-04-13
574,575,Jane Wilson,1955-06-01,Other,Administrator,2011-09-13
575,576,Patricia Rodriguez,1956-08-17,Other,Doctor,2021-08-24
576,577,Robert Davis,1982-04-05,Other,Administrator,2014-07-06
577,578,Robert Brown,1987-12-19,Other,Nurse,2022-10-07
578,579,James Williams,1957-02-28,Other,Therapist,2017-09-19
579,580,Linda Johnson,1961-08-27,Other,Caregiver,2018-07-22
580,581,John Brown,1954-09-08,Female,Caregiver,2022-10-31
581,582,Sarah Smith,1952-07-31,Female,Nurse,2013-10-16
582,583,Jane Jones,1959-11-05,Other,Doctor,2011-07-01
583,584,John Williams,1972-04-26,Other,Caregiver,2016-11-13
584,585,Patricia Wilson,1972-10-01,Male,Administrator,2019-03-04
585,586,Michael Williams,1978-10-12,Female,Doctor,2014-07-19
586,587,William Brown,1970-04-26,Other,Nurse,2023-04-01
587,588,Mary Davis,1973-02-07,Other,Administrator,2021-12-11
588,589,Michael Brown,1959-10-25,Other,Administrator,2013-12-06
589,590,Sarah Davis,1976-12-11,Female,Therapist,2015-06-20
590,591,William Rodriguez,1953-11-09,Other,Nurse,2021-12-13
591,592,William Jones,1968-04-17,Other,Nurse,2014-12-22
592,593,Patricia Garcia,1964-01-18,Male,Nurse,2010-06-19
593,594,Linda Williams,1953-06-23,Other,Caregiver,2023-02-11
594,595,Jane Williams,1952-11-03,Female,Nurse,2011-07-01
595,596,Linda Jones,1988-01-08,Other,Doctor,2012-04-16
596,597,James Miller,1962-03-08,Female,Nurse,2018-10-11
597,598,Sarah Miller,1985-02-28,Female,Doctor,2019-08-02
598,599,Michael Miller,1953-09-18,Other,Doctor,2022-06-28
599,600,William Rodriguez,1974-12-22,Male,Therapist,2015-09-21
600,601,Sarah Johnson,1955-03-06,Female,Nurse,2014-11-04
601,602,William Williams,1951-09-04,Other,Administrator,2016-11-16
602,603,Robert Jones,1983-08-02,Other,Nurse,2013-02-18
603,604,Jane Garcia,1981-02-25,Other,Administrator,2013-03-28
604,605,Robert Wilson,1959-10-09,Other,Doctor,2016-01-14
605,606,Patricia Jones,1966-03-23,Female,Doctor,2020-10-25
606,607,Jane Williams,1974-03-01,Female,Caregiver,2017-05-19
607,608,Mary Wilson,1989-01-16,Male,Caregiver,2019-06-27
608,609,Mary Smith,1961-03-08,Female,Administrator,2012-07-05
609,610,John Smith,1964-03-09,Male,Administrator,2022-01-03
610,611,James Johnson,1955-05-18,Other,Therapist,2022-05-20
611,612,Michael Garcia,1961-08-01,Female,Administrator,2018-02-15
612,613,William Brown,1983-02-18,Other,Administrator,2019-10-03
613,614,Robert Miller,1982-05-30,Male,Caregiver,2014-07-09
614,615,Sarah Smith,1977-09-09,Male,Therapist,2010-11-17
615,616,James Davis,1951-02-04,Male,Caregiver,2010-01-25
616,617,Jane Miller,1978-10-23,Female,Nurse,2011-04-03
617,618,James Williams,1951-11-04,Female,Doctor,2017-09-01
618,619,Linda Williams,1960-09-22,Other,Therapist,2015-09-29
619,620,William Garcia,1973-06-08,Other,Administrator,2022-04-18
620,621,Michael Brown,1972-09-05,Male,Nurse,2017-10-20
621,622,Jane Garcia,1967-09-06,Female,Doctor,2022-02-08
622,623,William Garcia,1983-07-25,Other,Therapist,2011-04-10
623,624,Sarah Williams,1961-03-30,Female,Caregiver,2010-11-29
624,625,Jane Smith,1972-03-05,Male,Administrator,2017-07-07
625,626,Patricia Wilson,1957-01-25,Other,Caregiver,2016-09-27
626,627,Linda Wilson,1957-09-18,Male,Administrator,2012-10-13
627,628,William Jones,1989-01-17,Male,Doctor,2012-08-08
628,629,Michael Miller,1962-03-17,Male,Nurse,2017-03-21
629,630,Patricia Brown,1951-02-11,Other,Doctor,2010-06-02
630,631,James Rodriguez,1962-03-30,Male,Caregiver,2021-01-03
631,632,John Davis,1985-08-30,Male,Administrator,2023-10-24
632,633,William Wilson,1967-10-24,Other,Doctor,2022-09-26
633,634,Michael Garcia,1965-08-18,Female,Therapist,2020-07-14
634,635,Jane Rodriguez,1975-08-27,Female,Administrator,2018-12-02
635,636,Robert Jones,1961-05-18,Other,Administrator,2019-09-09
636,637,Jane Miller,1952-12-22,Other,Therapist,2016-07-30
637,638,William Williams,1963-05-29,Female,Therapist,2012-10-24
638,639,Patricia Williams,1977-06-18,Other,Nurse,2019-12-16
639,640,John Jones,1953-10-01,Other,Therapist,2023-10-15
640,641,Mary Garcia,1970-01-02,Female,Nurse,2011-03-03
641,642,Robert Johnson,1960-01-02,Male,Doctor,2020-04-22
642,643,Patricia Garcia,1951-08-27,Female,Therapist,2015-12-01
643,644,Michael Brown,1966-10-05,Male,Therapist,2013-08-03
644,645,Robert Wilson,1987-01-05,Other,Nurse,2010-03-07
645,646,Linda Jones,1968-08-19,Male,Doctor,2015-04-12
646,647,Sarah Johnson,1970-01-26,Male,Doctor,2013-01-28
647,648,Sarah Miller,1986-12-07,Female,Nurse,2019-08-08
648,649,Robert Smith,1961-10-27,Female,Therapist,2014-12-21
649,650,William Johnson,1973-03-12,Female,Nurse,2018-04-04
650,651,Sarah Brown,1979-01-16,Other,Doctor,2021-12-24
651,652,Mary Williams,1979-05-24,Female,Administrator,2014-02-15
652,653,Patricia Jones,1950-11-02,Male,Caregiver,2023-10-29
653,654,William Jones,1974-07-17,Other,Administrator,2011-11-19
654,655,Jane Garcia,1989-06-24,Female,Therapist,2016-12-26
655,656,William Smith,1960-08-29,Male,Doctor,2010-10-29
656,657,Jane Davis,1966-06-01,Male,Nurse,2020-11-11
657,658,Mary Rodriguez,1978-06-21,Male,Nurse,2016-08-06
658,659,William Brown,1978-07-04,Male,Doctor,2023-03-28
659,660,Mary Williams,1984-07-19,Male,Doctor,2014-06-05
660,661,James Garcia,1986-07-20,Female,Caregiver,2018-10-06
661,662,Sarah Garcia,1983-03-25,Other,Doctor,2013-11-29
662,663,Mary Jones,1968-03-13,Male,Administrator,2023-08-04
663,664,Michael Johnson,1989-10-01,Other,Administrator,2016-01-21
664,665,Linda Smith,1964-09-24,Other,Nurse,2023-01-02
665,666,Sarah Davis,1981-11-13,Male,Nurse,2010-09-18
666,667,Robert Miller,1985-08-01,Other,Caregiver,2010-08-30
667,668,John Garcia,1959-03-20,Male,Caregiver,2013-12-25
668,669,Linda Johnson,1953-07-12,Other,Nurse,2012-05-03
669,670,Jane Williams,1980-11-29,Other,Administrator,2014-10-06
670,671,Patricia Johnson,1977-11-30,Other,Nurse,2012-12-12
671,672,Sarah Wilson,1966-03-17,Female,Doctor,2018-07-18
672,673,Patricia Johnson,1954-04-22,Female,Caregiver,2013-03-30
673,674,Robert Rodriguez,1968-06-16,Other,Administrator,2016-06-09
674,675,Jane Jones,1982-09-08,Other,Caregiver,2018-06-28
675,676,Jane Jones,1955-05-21,Male,Nurse,2013-05-25
676,677,John Johnson,1975-07-04,Male,Therapist,2015-03-22
677,678,Michael Johnson,1981-05-15,Female,Administrator,2011-08-29
678,679,James Miller,1975-11-14,Female,Administrator,2015-05-25
679,680,Mary Jones,1981-03-03,Male,Therapist,2023-04-14
680,681,Patricia Rodriguez,1972-06-18,Female,Doctor,2018-06-29
681,682,Patricia Wilson,1950-05-23,Other,Doctor,2015-02-10
682,683,Mary Brown,1969-12-13,Female,Therapist,2015-07-14
683,684,Jane Rodriguez,1964-04-06,Other,Administrator,2013-09-03
684,685,Sarah Brown,1965-01-24,Female,Therapist,2011-07-24
685,686,William Miller,1977-12-02,Other,Nurse,2017-10-18
686,687,William Garcia,1968-05-24,Female,Therapist,2018-02-13
687,688,William Jones,1982-11-29,Female,Caregiver,2020-08-23
688,689,Michael Williams,1956-05-28,Other,Administrator,2010-12-09
689,690,Mary Johnson,1982-12-25,Other,Caregiver,2015-09-26
690,691,Michael Rodriguez,1989-02-16,Other,Nurse,2016-08-20
691,692,Michael Johnson,1975-07-06,Male,Nurse,2011-02-02
692,693,Jane Williams,1981-05-31,Other,Doctor,2021-03-10
693,694,Michael Davis,1987-07-09,Female,Doctor,2012-11-26
694,695,Michael Williams,1979-06-06,Male,Doctor,2017-11-02
695,696,John Jones,1964-07-06,Other,Caregiver,2021-08-12
696,697,John Jones,1954-10-27,Male,Therapist,2012-09-05
697,698,William Garcia,1953-06-20,Male,Doctor,2019-09-08
698,699,Patricia Miller,1969-10-15,Female,Doctor,2016-09-17
699,700,Robert Smith,1962-09-22,Female,Nurse,2022-09-03
700,701,Jane Garcia,1987-05-06,Male,Administrator,2018-11-06
701,702,Mary Rodriguez,1957-08-23,Other,Caregiver,2019-03-09
702,703,James Davis,1965-04-30,Male,Administrator,2018-07-08
703,704,John Garcia,1972-11-27,Male,Administrator,2014-10-28
704,705,Linda Williams,1987-11-28,Female,Nurse,2011-08-02
705,706,James Davis,1951-12-23,Female,Nurse,2019-11-15
706,707,Michael Williams,1956-05-22,Male,Doctor,2013-07-20
707,708,Robert Rodriguez,1968-01-25,Other,Therapist,2012-05-09
708,709,Jane Smith,1977-09-17,Other,Doctor,2017-07-27
709,710,Robert Johnson,1968-05-06,Male,Caregiver,2020-01-04
710,711,Mary Brown,1985-05-06,Other,Nurse,2023-04-06
711,712,Sarah Jones,1961-12-11,Male,Doctor,2014-08-08
712,713,Mary Johnson,1952-10-12,Other,Therapist,2015-02-14
713,714,John Rodriguez,1985-12-10,Male,Caregiver,2021-05-31
714,715,Linda Garcia,1970-07-17,Other,Therapist,2017-07-18
715,716,Patricia Rodriguez,1972-10-14,Male,Administrator,2011-12-27
716,717,Robert Davis,1988-02-11,Other,Nurse,2010-04-26
717,718,Sarah Miller,1966-11-20,Female,Therapist,2010-11-21
718,719,Patricia Williams,1955-03-13,Male,Caregiver,2022-12-12
719,720,John Williams,1982-07-14,Male,Doctor,2019-03-09
720,721,William Garcia,1953-03-01,Female,Administrator,2012-03-20
721,722,Michael Garcia,1957-12-03,Male,Doctor,2010-01-29
722,723,William Johnson,1979-09-28,Male,Administrator,2022-07-05
723,724,James Johnson,1950-12-17,Male,Nurse,2013-02-25
724,725,Jane Rodriguez,1969-04-04,Female,Administrator,2023-03-03
725,726,Michael Rodriguez,1969-02-16,Male,Administrator,2021-08-17
726,727,John Jones,1985-03-26,Male,Caregiver,2010-11-17
727,728,Mary Rodriguez,1959-04-17,Other,Caregiver,2021-02-13
728,729,Sarah Smith,1959-09-09,Male,Nurse,2019-02-08
729,730,Jane Jones,1980-11-25,Female,Therapist,2018-08-15
730,731,Mary Brown,1966-08-04,Female,Doctor,2014-03-02
731,732,Jane Garcia,1957-04-25,Female,Therapist,2019-07-09
732,733,Robert Rodriguez,1952-01-25,Male,Therapist,2019-10-14
733,734,John Garcia,1953-06-01,Female,Caregiver,2018-03-30
734,735,Mary Johnson,1970-04-02,Other,Nurse,2013-02-14
735,736,Sarah Miller,1988-04-22,Other,Nurse,2016-08-29
736,737,Sarah Miller,1964-03-19,Female,Caregiver,2017-10-05
737,738,Patricia Williams,1981-10-20,Female,Doctor,2010-05-29
738,739,Patricia Smith,1953-12-29,Other,Doctor,2011-12-13
739,740,William Smith,1984-12-09,Male,Administrator,2016-01-13
740,741,Robert Johnson,1975-01-13,Female,Doctor,2011-09-04
741,742,Jane Garcia,1974-09-11,Other,Administrator,2010-03-27
742,743,Linda Williams,1956-07-22,Male,Caregiver,2018-10-17
743,744,William Johnson,1972-02-13,Female,Therapist,2017-11-03
744,745,Jane Johnson,1973-09-25,Other,Administrator,2019-06-12
745,746,James Wilson,1964-09-14,Male,Doctor,2017-02-06
746,747,Mary Brown,1986-01-21,Female,Nurse,2014-01-23
747,748,Mary Wilson,1989-08-14,Male,Therapist,2017-03-26
748,749,Patricia Jones,1954-01-22,Female,Administrator,2018-09-02
749,750,Mary Johnson,1986-09-28,Female,Caregiver,2018-06-29
750,751,John Smith,1971-01-12,Female,Administrator,2012-05-10
751,752,William Rodriguez,1972-11-16,Other,Therapist,2013-03-05
752,753,William Smith,1953-08-13,Male,Administrator,2014-08-28
753,754,John Johnson,1971-01-03,Male,Nurse,2015-07-29
754,755,Jane Garcia,1952-06-14,Female,Therapist,2010-11-21
755,756,William Miller,1963-03-28,Male,Nurse,2015-05-13
756,757,Jane Davis,1963-06-15,Male,Therapist,2012-07-06
757,758,Mary Jones,1950-01-30,Other,Nurse,2013-08-04
758,759,James Jones,1968-12-03,Other,Therapist,2020-04-21
759,760,John Miller,1962-10-08,Male,Doctor,2015-02-19
760,761,John Rodriguez,1988-09-09,Female,Doctor,2010-11-14
761,762,Robert Smith,1952-11-03,Female,Therapist,2015-10-01
762,763,William Davis,1988-04-01,Other,Administrator,2018-06-03
763,764,John Johnson,1982-10-11,Other,Therapist,2019-12-21
764,765,Jane Wilson,1961-06-01,Male,Therapist,2022-10-08
765,766,Jane Miller,1951-12-23,Other,Caregiver,2010-08-21
766,767,Michael Garcia,1969-01-16,Other,Doctor,2023-03-23
767,768,Linda Brown,1967-02-17,Male,Administrator,2018-03-20
768,769,Linda Williams,1953-01-01,Other,Doctor,2019-08-15
769,770,Patricia Johnson,1951-10-30,Female,Doctor,2010-08-20
770,771,Robert Brown,1960-04-19,Male,Caregiver,2018-03-13
771,772,Patricia Smith,1983-06-06,Female,Nurse,2022-03-03
772,773,William Davis,1963-10-20,Female,Doctor,2019-01-23
773,774,Linda Wilson,1958-08-26,Male,Nurse,2020-04-24
774,775,Jane Rodriguez,1983-03-16,Female,Therapist,2017-09-30
775,776,Linda Smith,1959-06-10,Male,Therapist,2015-03-16
776,777,James Williams,1955-03-17,Female,Therapist,2014-11-04
777,778,Michael Garcia,1985-01-30,Other,Therapist,2010-03-14
778,779,John Davis,1953-02-19,Male,Nurse,2019-08-01
779,780,Robert Brown,1955-07-23,Other,Caregiver,2018-02-04
780,781,Robert Johnson,1972-09-19,Other,Nurse,2012-04-06
781,782,Patricia Rodriguez,1963-07-15,Other,Caregiver,2012-03-27
782,783,Jane Miller,1985-10-11,Male,Doctor,2023-08-24
783,784,Sarah Williams,1960-09-29,Female,Nurse,2016-03-23
784,785,Michael Wilson,1968-03-16,Other,Administrator,2012-12-04
785,786,James Davis,1959-08-23,Male,Nurse,2021-04-16
786,787,William Wilson,1955-05-13,Other,Administrator,2011-04-14
787,788,Jane Williams,1962-08-14,Other,Nurse,2019-04-26
788,789,Linda Jones,1979-05-21,Male,Caregiver,2022-10-31
789,790,Mary Wilson,1963-12-14,Male,Therapist,2018-08-05
790,791,Mary Johnson,1958-07-30,Other,Caregiver,2018-11-14
791,792,James Smith,1950-03-08,Female,Administrator,2017-07-21
792,793,James Garcia,1968-07-11,Other,Doctor,2017-02-28
793,794,James Rodriguez,1962-11-13,Male,Caregiver,2016-02-09
794,795,James Williams,1985-05-13,Other,Caregiver,2020-03-31
795,796,William Brown,1977-06-05,Other,Therapist,2015-01-15
796,797,Mary Garcia,1979-10-27,Female,Administrator,2012-06-11
797,798,Mary Smith,1959-01-31,Female,Nurse,2017-09-16
798,799,James Davis,1977-02-02,Other,Therapist,2021-03-03
799,800,Patricia Brown,1974-07-23,Female,Caregiver,2017-12-30
800,801,John Brown,1972-05-08,Male,Administrator,2016-07-28
801,802,Patricia Wilson,1952-08-13,Male,Therapist,2022-03-05
802,803,Sarah Miller,1965-05-05,Other,Caregiver,2011-06-06
803,804,Mary Rodriguez,1983-09-12,Other,Nurse,2019-10-07
804,805,Jane Davis,1951-07-07,Female,Administrator,2014-04-07
805,806,Patricia Smith,1960-09-25,Male,Therapist,2016-09-21
806,807,Mary Wilson,1977-07-04,Male,Doctor,2021-02-10
807,808,John Miller,1953-01-26,Female,Nurse,2018-02-16
808,809,Linda Jones,1965-01-14,Other,Caregiver,2019-11-13
809,810,Robert Miller,1965-04-24,Other,Administrator,2021-10-27
810,811,William Johnson,1968-02-09,Other,Caregiver,2023-06-24
811,812,Robert Miller,1967-06-01,Other,Doctor,2011-01-29
812,813,Linda Smith,1985-03-14,Other,Administrator,2015-12-24
813,814,Michael Garcia,1959-06-25,Other,Therapist,2012-12-06
814,815,Sarah Miller,1985-06-05,Male,Caregiver,2010-11-12
815,816,James Williams,1969-04-01,Other,Nurse,2020-03-17
816,817,Jane Smith,1985-07-08,Female,Nurse,2023-04-25
817,818,Jane Jones,1981-10-30,Female,Caregiver,2011-11-05
818,819,Patricia Davis,1973-08-04,Female,Therapist,2022-11-19
819,820,Michael Smith,1964-12-06,Male,Administrator,2023-01-23
820,821,Sarah Brown,1976-08-06,Female,Caregiver,2014-07-14
821,822,Robert Davis,1981-05-07,Male,Doctor,2010-04-27
822,823,Michael Williams,1967-04-26,Female,Doctor,2023-04-18
823,824,Patricia Williams,1955-11-12,Female,Doctor,2022-06-07
824,825,James Brown,1957-07-23,Male,Therapist,2019-11-11
825,826,Michael Jones,1989-05-29,Male,Administrator,2014-08-01
826,827,Jane Garcia,1989-11-15,Female,Therapist,2022-07-03
827,828,Mary Davis,1984-08-12,Other,Doctor,2015-01-30
828,829,Linda Jones,1952-06-24,Male,Nurse,2010-10-21
829,830,Robert Johnson,1986-06-13,Male,Administrator,2013-06-30
830,831,Linda Smith,1965-07-04,Female,Therapist,2013-07-16
831,832,James Davis,1977-10-25,Other,Administrator,2022-02-21
832,833,James Jones,1969-11-26,Female,Nurse,2021-09-28
833,834,Michael Johnson,1967-03-29,Female,Administrator,2010-10-28
834,835,John Miller,1979-04-19,Male,Nurse,2010-09-05
835,836,John Williams,1964-01-11,Female,Nurse,2019-04-03
836,837,Linda Smith,1986-01-30,Other,Doctor,2016-05-20
837,838,Linda Smith,1964-10-31,Female,Doctor,2022-07-25
838,839,John Williams,1981-09-17,Male,Administrator,2018-04-16
839,840,Sarah Johnson,1958-03-12,Male,Administrator,2013-06-07
840,841,William Davis,1973-02-06,Male,Nurse,2017-08-18
841,842,Robert Garcia,1962-01-19,Male,Administrator,2013-02-09
842,843,James Rodriguez,1956-07-05,Other,Caregiver,2014-04-03
843,844,William Rodriguez,1958-09-29,Male,Nurse,2023-02-25
844,845,Mary Garcia,1972-05-24,Female,Therapist,2013-04-02
845,846,Linda Garcia,1979-06-23,Female,Administrator,2012-07-04
846,847,Jane Davis,1971-01-01,Male,Therapist,2019-09-04
847,848,Mary Williams,1954-01-17,Other,Administrator,2023-04-03
848,849,Michael Brown,1985-05-21,Male,Doctor,2017-08-21
849,850,John Davis,1955-04-19,Other,Nurse,2016-01-01
850,851,Jane Garcia,1976-08-22,Male,Administrator,2019-12-24
851,852,James Davis,1973-05-03,Other,Caregiver,2021-09-29
852,853,Jane Garcia,1977-04-06,Male,Doctor,2022-06-15
853,854,William Williams,1980-09-14,Other,Caregiver,2015-10-25
854,855,Robert Miller,1987-02-05,Female,Administrator,2018-04-09
855,856,James Rodriguez,1953-09-04,Female,Therapist,2018-04-12
856,857,Linda Wilson,1973-02-06,Female,Therapist,2019-04-12
857,858,John Miller,1977-10-11,Female,Nurse,2017-05-14
858,859,Patricia Davis,1950-05-16,Female,Nurse,2016-06-29
859,860,Linda Miller,1984-11-19,Male,Administrator,2020-05-10
860,861,James Davis,1980-11-01,Male,Therapist,2019-11-17
861,862,Michael Smith,1967-01-27,Male,Caregiver,2013-10-11
862,863,Patricia Jones,1979-08-04,Female,Doctor,2016-01-15
863,864,Jane Wilson,1984-09-22,Other,Caregiver,2017-02-22
864,865,Michael Davis,1986-09-29,Female,Therapist,2011-03-23
865,866,James Williams,1969-10-16,Male,Caregiver,2019-12-08
866,867,Linda Smith,1961-05-24,Female,Therapist,2021-12-12
867,868,Mary Brown,1975-06-06,Female,Therapist,2012-02-20
868,869,Robert Johnson,1957-10-13,Male,Nurse,2011-07-21
869,870,Linda Jones,1979-06-09,Male,Administrator,2021-11-09
870,871,Jane Miller,1969-06-20,Female,Caregiver,2010-01-04
871,872,Michael Rodriguez,1978-08-31,Male,Doctor,2014-02-02
872,873,Linda Brown,1962-02-02,Male,Administrator,2018-08-12
873,874,Patricia Wilson,1980-10-08,Female,Administrator,2021-12-11
874,875,Michael Williams,1972-07-13,Male,Doctor,2020-08-31
875,876,Jane Johnson,1953-04-05,Female,Doctor,2015-12-22
876,877,James Rodriguez,1956-07-06,Female,Administrator,2017-08-02
877,878,Jane Jones,1954-11-29,Other,Caregiver,2021-06-14
878,879,Sarah Garcia,1973-11-16,Other,Administrator,2012-08-21
879,880,Robert Williams,1959-05-21,Other,Caregiver,2013-06-04
880,881,Mary Williams,1970-03-11,Other,Nurse,2021-04-07
881,882,Robert Miller,1951-08-07,Other,Administrator,2021-07-14
882,883,James Brown,1963-09-15,Male,Doctor,2013-12-08
883,884,Robert Williams,1987-08-30,Other,Doctor,2018-11-09
884,885,John Brown,1960-07-07,Male,Administrator,2020-10-06
885,886,Jane Johnson,1973-01-25,Male,Doctor,2013-05-30
886,887,Michael Johnson,1959-12-29,Female,Caregiver,2017-05-24
887,888,William Rodriguez,1965-02-22,Female,Caregiver,2017-10-09
888,889,Jane Smith,1978-11-11,Female,Therapist,2012-04-14
889,890,Jane Wilson,1970-11-21,Female,Nurse,2013-03-06
890,891,William Smith,1959-03-15,Female,Therapist,2022-01-05
891,892,Michael Rodriguez,1989-07-23,Other,Caregiver,2013-02-26
892,893,Robert Rodriguez,1960-05-14,Male,Administrator,2018-10-29
893,894,Jane Wilson,1959-01-02,Male,Caregiver,2016-01-19
894,895,William Garcia,1977-02-17,Female,Therapist,2016-10-15
895,896,Linda Smith,1975-10-07,Male,Administrator,2023-02-16
896,897,Michael Rodriguez,1986-09-22,Other,Nurse,2013-12-26
897,898,Jane Miller,1969-05-13,Female,Caregiver,2019-05-28
898,899,John Johnson,1950-06-16,Other,Administrator,2013-12-28
899,900,Mary Williams,1984-09-06,Female,Administrator,2020-12-10
900,901,Mary Davis,1950-05-07,Other,Doctor,2017-01-27
901,902,Sarah Johnson,1977-07-16,Male,Caregiver,2020-02-27
902,903,Sarah Johnson,1971-02-27,Male,Administrator,2021-02-18
903,904,Jane Johnson,1972-06-29,Female,Administrator,2023-06-09
904,905,John Smith,1984-02-11,Female,Caregiver,2015-08-13
905,906,Patricia Wilson,1973-02-05,Female,Caregiver,2019-12-01
906,907,William Miller,1986-06-16,Male,Doctor,2010-06-13
907,908,Robert Jones,1974-09-04,Female,Administrator,2021-02-13
908,909,Linda Garcia,1980-06-13,Male,Doctor,2016-08-24
909,910,John Williams,1965-07-27,Male,Therapist,2015-06-30
910,911,Mary Smith,1980-02-02,Male,Caregiver,2017-06-30
911,912,Jane Davis,1968-04-05,Female,Doctor,2023-10-26
912,913,William Brown,1968-06-18,Other,Administrator,2013-05-09
913,914,John Brown,1962-06-10,Male,Therapist,2019-06-24
914,915,James Wilson,1972-07-06,Other,Administrator,2017-10-09
915,916,Robert Garcia,1958-01-19,Male,Nurse,2011-06-10
916,917,James Williams,1979-08-06,Other,Nurse,2016-09-27
917,918,Patricia Brown,1955-11-28,Male,Nurse,2022-04-10
918,919,Mary Miller,1966-04-11,Male,Therapist,2023-03-30
919,920,Linda Garcia,1986-07-11,Female,Therapist,2010-11-15
920,921,Jane Smith,1981-12-02,Other,Doctor,2018-04-26
921,922,Mary Rodriguez,1971-07-20,Female,Caregiver,2011-04-21
922,923,James Smith,1952-06-10,Other,Nurse,2019-03-18
923,924,Sarah Williams,1980-11-02,Other,Administrator,2015-09-26
924,925,Linda Johnson,1975-12-03,Female,Therapist,2010-10-06
925,926,William Williams,1965-01-16,Female,Administrator,2014-08-19
926,927,Mary Garcia,1973-03-14,Female,Caregiver,2017-01-02
927,928,Robert Brown,1970-10-11,Other,Therapist,2023-10-31
928,929,Mary Smith,1986-08-21,Male,Doctor,2011-05-20
929,930,William Johnson,1988-07-31,Female,Caregiver,2020-07-24
930,931,William Garcia,1951-09-16,Female,Caregiver,2019-09-19
931,932,Robert Jones,1984-09-15,Other,Caregiver,2018-08-30
932,933,Linda Smith,1970-03-04,Other,Administrator,2019-11-11
933,934,Jane Rodriguez,1977-09-28,Male,Nurse,2013-02-08
934,935,William Rodriguez,1957-04-27,Female,Administrator,2012-02-04
935,936,Sarah Smith,1989-10-21,Female,Nurse,2013-06-07
936,937,Patricia Wilson,1973-02-23,Male,Administrator,2021-04-16
937,938,Linda Brown,1968-01-07,Female,Therapist,2020-10-27
938,939,Sarah Brown,1977-02-19,Other,Administrator,2014-06-30
939,940,Patricia Rodriguez,1966-09-04,Male,Administrator,2010-10-10
940,941,Michael Miller,1957-10-24,Male,Nurse,2018-12-06
941,942,Jane Rodriguez,1969-11-10,Other,Caregiver,2016-09-11
942,943,James Williams,1951-04-21,Female,Doctor,2021-07-22
943,944,James Garcia,1951-04-06,Other,Caregiver,2013-05-08
944,945,Robert Davis,1963-09-14,Other,Administrator,2012-10-09
945,946,James Miller,1987-07-29,Female,Administrator,2012-02-05
946,947,John Williams,1984-12-31,Female,Nurse,2022-08-02
947,948,Sarah Brown,1984-09-09,Male,Administrator,2010-02-20
948,949,John Williams,1954-12-13,Male,Doctor,2015-03-24
949,950,James Williams,1965-11-06,Female,Therapist,2015-02-15
950,951,Michael Smith,1967-01-28,Male,Doctor,2018-07-10
951,952,Linda Miller,1973-09-09,Male,Nurse,2011-04-21
952,953,William Jones,1953-03-20,Male,Doctor,2016-02-01
953,954,Patricia Garcia,1983-07-27,Male,Administrator,2015-03-25
954,955,Mary Smith,1951-07-24,Male,Therapist,2021-04-25
955,956,Patricia Wilson,1961-03-29,Male,Therapist,2023-08-27
956,957,Jane Davis,1972-06-29,Male,Therapist,2012-09-01
957,958,Jane Wilson,1986-08-26,Female,Doctor,2010-05-29
958,959,Linda Jones,1952-10-05,Other,Administrator,2017-07-08
959,960,James Johnson,1979-09-20,Female,Nurse,2011-05-29
960,961,Jane Wilson,1958-10-29,Male,Caregiver,2013-11-13
961,962,Patricia Johnson,1963-01-20,Other,Doctor,2022-09-13
962,963,Sarah Rodriguez,1964-06-24,Other,Doctor,2019-07-12
963,964,Patricia Davis,1963-07-24,Male,Caregiver,2012-05-23
964,965,William Brown,1978-02-21,Female,Nurse,2019-04-10
965,966,Michael Rodriguez,1960-12-08,Female,Caregiver,2019-07-06
966,967,Michael Jones,1970-03-11,Female,Doctor,2012-09-13
967,968,Michael Johnson,1989-04-13,Male,Caregiver,2010-06-18
968,969,Mary Brown,1967-12-14,Female,Caregiver,2019-03-07
969,970,Sarah Brown,1978-02-05,Female,Therapist,2017-10-16
970,971,James Rodriguez,1978-06-01,Other,Doctor,2022-03-20
971,972,John Rodriguez,1969-09-19,Male,Caregiver,2013-08-16
972,973,Michael Williams,1985-04-12,Male,Caregiver,2010-01-25
973,974,Patricia Williams,1983-01-17,Male,Therapist,2010-06-29
974,975,William Smith,1989-09-06,Other,Doctor,2012-09-07
975,976,Linda Wilson,1973-07-02,Other,Doctor,2018-08-24
976,977,Patricia Wilson,1976-06-14,Female,Therapist,2015-06-15
977,978,Patricia Smith,1956-12-14,Other,Administrator,2018-03-14
978,979,John Rodriguez,1973-03-26,Other,Caregiver,2015-04-06
979,980,James Davis,1964-03-12,Other,Administrator,2012-01-21
980,981,James Johnson,1978-10-04,Other,Therapist,2023-09-13
981,982,Patricia Johnson,1984-09-23,Female,Therapist,2020-08-24
982,983,John Wilson,1972-07-01,Other,Doctor,2010-02-08
983,984,John Davis,1979-10-23,Female,Therapist,2016-08-30
984,985,Robert Smith,1958-11-25,Other,Nurse,2012-04-22
985,986,Robert Garcia,1954-10-30,Other,Caregiver,2012-10-08
986,987,John Johnson,1974-05-05,Other,Caregiver,2020-06-18
987,988,James Davis,1973-05-16,Other,Caregiver,2015-05-17
988,989,William Jones,1989-01-20,Female,Doctor,2015-10-06
989,990,William Wilson,1980-09-10,Female,Therapist,2021-03-09
990,991,Linda Williams,1954-12-06,Male,Caregiver,2014-05-05
991,992,Linda Williams,1973-05-09,Female,Nurse,2012-09-28
992,993,John Rodriguez,1982-08-13,Male,Therapist,2019-04-07
993,994,Robert Smith,1963-05-08,Other,Doctor,2012-08-25
994,995,William Brown,1982-10-26,Female,Doctor,2019-02-21
995,996,Michael Garcia,1959-06-15,Male,Nurse,2016-05-01
996,997,John Garcia,1980-01-20,Other,Administrator,2018-04-25
997,998,John Jones,1982-03-19,Female,Doctor,2023-06-11
998,999,Patricia Wilson,1985-05-21,Male,Therapist,2014-03-18
999,1000,Patricia Wilson,1967-07-16,Female,Nurse,2014-03-18
